GROUP,PACKAGE,CLASS,INSTRUCTION_MISSED,INSTRUCTION_COVERED,BRANCH_MISSED,BRANCH_COVERED,LINE_MISSED,LINE_COVERED,COMPLEXITY_MISSED,COMPLEXITY_COVERED,METHOD_MISSED,METHOD_COVERED
TDD,com.jc.core.packageone,Main,12,0,0,0,5,0,2,0,2,0
TDD,com.jc.core.packageone,PackageOne,11,0,0,0,5,0,3,0,3,0
TDD,com.jc.fraz,Factorial,2,24,1,3,1,6,1,3,0,2
TDD,com.jc.core.packagetwo,Main,10,0,0,0,4,0,2,0,2,0
TDD,com.jc.core.arrays,Program,101,0,6,0,19,0,5,0,2,0
TDD,com.jc.core.arrays,ArrayVsArrayList,165,0,6,0,23,0,6,0,3,0
TDD,com.jc.udemy.numbers,BiggerAndSmaller,0,58,0,8,0,12,0,9,0,5
TDD,com.jc.udemy.numbers,Program,42,0,4,0,6,0,4,0,2,0
TDD,com.jc.core.inheritance.animal,Dog,5,0,0,0,2,0,2,0,2,0
TDD,com.jc.core.inheritance.animal,Animal,26,0,0,0,11,0,8,0,8,0
TDD,com.jc.core.getterAndSetter,Main,30,0,0,0,9,0,2,0,2,0
TDD,com.jc.core.getterAndSetter,GetterAndSetter,0,44,0,6,0,13,0,8,0,5
TDD,com.jc.core.constructor,Main,35,0,0,0,6,0,2,0,2,0
TDD,com.jc.core.constructor,Dog,15,0,0,0,7,0,3,0,3,0
TDD,com.jc.core.inheritance,MainAnimal,89,0,0,0,16,0,2,0,2,0
